,paths,target,resolution,sharpness,brightness,size,noise,Number of Anomalies,Anomaly
0,C:/Users/Akshat Mittu/Desktop/Model Monitoring Dashboard/pages/models/Bone Fracture Detection/Production/2024-03-01/fractured/10-rotated2-rotated1-rotated1.jpg,fractured,"(224, 224)",73.8688703264509,82.44882015306122,150528,42.20579454287902,0,False
1,C:/Users/Akshat Mittu/Desktop/Model Monitoring Dashboard/pages/models/Bone Fracture Detection/Production/2024-03-01/fractured/10-rotated3-rotated1.jpg,fractured,"(224, 224)",297.24049611788695,83.0428691007653,150528,41.81850266270492,0,False
2,C:/Users/Akshat Mittu/Desktop/Model Monitoring Dashboard/pages/models/Bone Fracture Detection/Production/2024-03-01/fractured/100-rotated1-rotated3.jpg,fractured,"(224, 224)",330.90910848405446,63.67352917729592,150528,56.98318006339575,2454,False
3,C:/Users/Akshat Mittu/Desktop/Model Monitoring Dashboard/pages/models/Bone Fracture Detection/Production/2024-03-01/fractured/100-rotated2-rotated1.jpg,fractured,"(224, 224)",432.52755168992644,68.60670440051021,150528,55.84101220845015,2763,True
4,C:/Users/Akshat Mittu/Desktop/Model Monitoring Dashboard/pages/models/Bone Fracture Detection/Production/2024-03-01/fractured/100-rotated2.jpg,fractured,"(224, 224)",567.5242757975981,71.26895328443878,150528,57.082232676875584,735,False
5,C:/Users/Akshat Mittu/Desktop/Model Monitoring Dashboard/pages/models/Bone Fracture Detection/Production/2024-03-01/fractured/100-rotated3-rotated1-rotated2.jpg,fractured,"(224, 224)",215.24481931977942,62.12147241709184,150528,56.90546963344703,2226,False
6,C:/Users/Akshat Mittu/Desktop/Model Monitoring Dashboard/pages/models/Bone Fracture Detection/Production/2024-03-01/fractured/100-rotated3-rotated1.jpg,fractured,"(224, 224)",317.23933651347,64.12777024872449,150528,56.30648628266117,2451,False
7,C:/Users/Akshat Mittu/Desktop/Model Monitoring Dashboard/pages/models/Bone Fracture Detection/Production/2024-03-01/fractured/100-rotated3-rotated2-rotated1.jpg,fractured,"(224, 224)",207.74796470529284,61.64469068877551,150528,57.01032299614685,2136,False
8,C:/Users/Akshat Mittu/Desktop/Model Monitoring Dashboard/pages/models/Bone Fracture Detection/Production/2024-03-01/fractured/101-rotated2-rotated1.jpg,fractured,"(224, 224)",236.25754992935066,77.9653619260204,150528,57.25595389301212,0,False
9,C:/Users/Akshat Mittu/Desktop/Model Monitoring Dashboard/pages/models/Bone Fracture Detection/Production/2024-03-01/fractured/101-rotated2-rotated2-rotated3.jpg,fractured,"(224, 224)",171.10095569740875,79.53467793367346,150528,56.16274015132909,0,False
10,C:/Users/Akshat Mittu/Desktop/Model Monitoring Dashboard/pages/models/Bone Fracture Detection/Production/2024-03-01/fractured/101-rotated2-rotated2.jpg,fractured,"(224, 224)",187.38290907332728,77.68413185586735,150528,57.51088253928034,0,False
11,C:/Users/Akshat Mittu/Desktop/Model Monitoring Dashboard/pages/models/Bone Fracture Detection/Production/2024-03-01/fractured/101-rotated3-rotated1.jpg,fractured,"(224, 224)",205.97315396074947,74.99198820153062,150528,59.19662363602736,0,False
12,C:/Users/Akshat Mittu/Desktop/Model Monitoring Dashboard/pages/models/Bone Fracture Detection/Production/2024-03-01/fractured/101-rotated3-rotated2-rotated2.jpg,fractured,"(224, 224)",166.04647292042213,76.18763950892857,150528,58.71538283042714,0,False
13,C:/Users/Akshat Mittu/Desktop/Model Monitoring Dashboard/pages/models/Bone Fracture Detection/Production/2024-03-01/fractured/101-rotated3-rotated3-rotated2.jpg,fractured,"(224, 224)",145.45236792280397,76.85640545280613,150528,58.249812231677275,0,False
14,C:/Users/Akshat Mittu/Desktop/Model Monitoring Dashboard/pages/models/Bone Fracture Detection/Production/2024-03-01/fractured/102-rotated1-rotated1-rotated1.jpg,fractured,"(224, 224)",95.49800210910655,53.72901387117347,150528,42.28674701660439,168,False
15,C:/Users/Akshat Mittu/Desktop/Model Monitoring Dashboard/pages/models/Bone Fracture Detection/Production/2024-03-01/fractured/102-rotated1-rotated1-rotated2.jpg,fractured,"(224, 224)",90.21261693119557,53.42289142219388,150528,42.399564715551605,168,False
16,C:/Users/Akshat Mittu/Desktop/Model Monitoring Dashboard/pages/models/Bone Fracture Detection/Production/2024-03-01/fractured/102-rotated1-rotated2-rotated1.jpg,fractured,"(224, 224)",119.31437021372273,54.44258211096939,150528,41.772148615237256,225,False
17,C:/Users/Akshat Mittu/Desktop/Model Monitoring Dashboard/pages/models/Bone Fracture Detection/Production/2024-03-01/fractured/102-rotated1-rotated3-rotated1.jpg,fractured,"(224, 224)",88.43207454681396,50.48417570153061,150528,42.73960244990905,183,False
18,C:/Users/Akshat Mittu/Desktop/Model Monitoring Dashboard/pages/models/Bone Fracture Detection/Production/2024-03-01/fractured/102-rotated2-rotated1-rotated3.jpg,fractured,"(224, 224)",93.28733134875442,53.3957669005102,150528,42.35636810754661,183,False
19,C:/Users/Akshat Mittu/Desktop/Model Monitoring Dashboard/pages/models/Bone Fracture Detection/Production/2024-03-01/fractured/103-rotated2-rotated3.jpg,fractured,"(224, 224)",121.30743338931653,57.4150390625,150528,55.70314066417966,3,False
20,C:/Users/Akshat Mittu/Desktop/Model Monitoring Dashboard/pages/models/Bone Fracture Detection/Production/2024-03-01/fractured/103-rotated3-rotated1-rotated3.jpg,fractured,"(224, 224)",103.45231477641305,58.61641023596939,150528,55.47762631045208,0,False
21,C:/Users/Akshat Mittu/Desktop/Model Monitoring Dashboard/pages/models/Bone Fracture Detection/Production/2024-03-01/fractured/103-rotated3-rotated3-rotated3.jpg,fractured,"(224, 224)",118.44175504098978,56.58193160076531,150528,56.45113366665954,0,False
22,C:/Users/Akshat Mittu/Desktop/Model Monitoring Dashboard/pages/models/Bone Fracture Detection/Production/2024-03-01/fractured/104-rotated1-rotated3-rotated3.jpg,fractured,"(224, 224)",61.17748995315825,49.345723054846935,150528,63.94981873040967,0,False
23,C:/Users/Akshat Mittu/Desktop/Model Monitoring Dashboard/pages/models/Bone Fracture Detection/Production/2024-03-01/fractured/104-rotated1-rotated3.jpg,fractured,"(224, 224)",190.62579715415765,49.94154575892857,150528,63.06777651593721,0,False
24,C:/Users/Akshat Mittu/Desktop/Model Monitoring Dashboard/pages/models/Bone Fracture Detection/Production/2024-03-01/fractured/104-rotated1.jpg,fractured,"(224, 224)",262.4847602701247,51.39496970663265,150528,63.06785218951244,3,False
25,C:/Users/Akshat Mittu/Desktop/Model Monitoring Dashboard/pages/models/Bone Fracture Detection/Production/2024-03-01/fractured/104-rotated2-rotated2.jpg,fractured,"(224, 224)",154.5711813914384,50.08516023596939,150528,63.13026175129092,0,False
26,C:/Users/Akshat Mittu/Desktop/Model Monitoring Dashboard/pages/models/Bone Fracture Detection/Production/2024-03-01/fractured/104-rotated3-rotated2-rotated2.jpg,fractured,"(224, 224)",63.96840189973893,49.43217873086735,150528,63.902341674221326,0,False
27,C:/Users/Akshat Mittu/Desktop/Model Monitoring Dashboard/pages/models/Bone Fracture Detection/Production/2024-03-01/fractured/104-rotated3-rotated2.jpg,fractured,"(224, 224)",327.36561942229616,51.22925302933673,150528,62.70771445219217,12,False
28,C:/Users/Akshat Mittu/Desktop/Model Monitoring Dashboard/pages/models/Bone Fracture Detection/Production/2024-03-01/fractured/104-rotated3-rotated3.jpg,fractured,"(224, 224)",194.5177468661714,49.047632334183675,150528,63.556919265974955,3,False
29,C:/Users/Akshat Mittu/Desktop/Model Monitoring Dashboard/pages/models/Bone Fracture Detection/Production/2024-03-01/fractured/104.jpg,fractured,"(962, 1358)",154.6952937410247,53.04106029106029,3919188,62.90217974841414,6000,True
30,C:/Users/Akshat Mittu/Desktop/Model Monitoring Dashboard/pages/models/Bone Fracture Detection/Production/2024-03-01/fractured/105-rotated1-rotated1-rotated1.jpg,fractured,"(224, 224)",68.53808690189871,63.42376833545919,150528,50.0399613933312,0,False
31,C:/Users/Akshat Mittu/Desktop/Model Monitoring Dashboard/pages/models/Bone Fracture Detection/Production/2024-03-01/fractured/105-rotated1-rotated2.jpg,fractured,"(224, 224)",189.4549586344937,65.8926777742347,150528,49.894256620441176,0,False
32,C:/Users/Akshat Mittu/Desktop/Model Monitoring Dashboard/pages/models/Bone Fracture Detection/Production/2024-03-01/fractured/105-rotated1-rotated3.jpg,fractured,"(224, 224)",173.47208595792236,64.88167649872449,150528,50.37012214662208,0,False
33,C:/Users/Akshat Mittu/Desktop/Model Monitoring Dashboard/pages/models/Bone Fracture Detection/Production/2024-03-01/fractured/105-rotated2-rotated1-rotated2.jpg,fractured,"(224, 224)",122.00310836301054,65.71892936862245,150528,50.317665365172225,0,False
34,C:/Users/Akshat Mittu/Desktop/Model Monitoring Dashboard/pages/models/Bone Fracture Detection/Production/2024-03-01/fractured/105-rotated2-rotated2-rotated3.jpg,fractured,"(224, 224)",75.2859956291704,59.182198660714285,150528,50.038150372914686,0,False
35,C:/Users/Akshat Mittu/Desktop/Model Monitoring Dashboard/pages/models/Bone Fracture Detection/Production/2024-03-01/fractured/105-rotated3-rotated3-rotated2.jpg,fractured,"(224, 224)",142.9264013563678,61.57467713647959,150528,50.39701676650159,0,False
36,C:/Users/Akshat Mittu/Desktop/Model Monitoring Dashboard/pages/models/Bone Fracture Detection/Production/2024-03-01/fractured/106-rotated1-rotated1-rotated2.jpg,fractured,"(224, 224)",84.54734927284275,56.442801339285715,150528,43.52684153838997,63,False
37,C:/Users/Akshat Mittu/Desktop/Model Monitoring Dashboard/pages/models/Bone Fracture Detection/Production/2024-03-01/fractured/106-rotated1-rotated3-rotated2.jpg,fractured,"(224, 224)",59.28391347533214,52.08603714923469,150528,43.41621798646195,141,False
38,C:/Users/Akshat Mittu/Desktop/Model Monitoring Dashboard/pages/models/Bone Fracture Detection/Production/2024-03-01/fractured/106-rotated1-rotated3-rotated3.jpg,fractured,"(224, 224)",107.86504196554661,51.00478316326531,150528,44.030221580060285,144,False
39,C:/Users/Akshat Mittu/Desktop/Model Monitoring Dashboard/pages/models/Bone Fracture Detection/Production/2024-03-01/fractured/106-rotated2-rotated2-rotated1.jpg,fractured,"(224, 224)",89.13926696777345,58.01177853954081,150528,43.02357287396365,63,False
40,C:/Users/Akshat Mittu/Desktop/Model Monitoring Dashboard/pages/models/Bone Fracture Detection/Production/2024-03-01/fractured/106-rotated2-rotated2-rotated2.jpg,fractured,"(224, 224)",80.80228198781106,54.58834901147959,150528,43.915310486818846,99,False
41,C:/Users/Akshat Mittu/Desktop/Model Monitoring Dashboard/pages/models/Bone Fracture Detection/Production/2024-03-01/fractured/106-rotated2-rotated2-rotated3.jpg,fractured,"(224, 224)",56.19932473495274,49.77688536352041,150528,43.43699833427013,138,False
42,C:/Users/Akshat Mittu/Desktop/Model Monitoring Dashboard/pages/models/Bone Fracture Detection/Production/2024-03-01/fractured/106-rotated3-rotated1-rotated1.jpg,fractured,"(224, 224)",128.7413354795806,48.88329081632653,150528,42.695623029828496,210,False
43,C:/Users/Akshat Mittu/Desktop/Model Monitoring Dashboard/pages/models/Bone Fracture Detection/Production/2024-03-01/fractured/106-rotated3-rotated1-rotated2.jpg,fractured,"(224, 224)",58.887257713419544,48.61796476403061,150528,42.78312892934977,180,False
44,C:/Users/Akshat Mittu/Desktop/Model Monitoring Dashboard/pages/models/Bone Fracture Detection/Production/2024-03-01/fractured/106-rotated3-rotated3-rotated3.jpg,fractured,"(224, 224)",73.46893464977768,48.82370057397959,150528,43.54468552626442,153,False
45,C:/Users/Akshat Mittu/Desktop/Model Monitoring Dashboard/pages/models/Bone Fracture Detection/Production/2024-03-01/fractured/107-rotated1-rotated1-rotated2.jpg,fractured,"(224, 224)",119.7198472755842,67.08898676658163,150528,40.020187247417816,1884,False
46,C:/Users/Akshat Mittu/Desktop/Model Monitoring Dashboard/pages/models/Bone Fracture Detection/Production/2024-03-01/fractured/107-rotated1-rotated2-rotated1.jpg,fractured,"(224, 224)",152.2627227601286,66.58605707908163,150528,40.598973316547195,1821,False
47,C:/Users/Akshat Mittu/Desktop/Model Monitoring Dashboard/pages/models/Bone Fracture Detection/Production/2024-03-01/fractured/107-rotated1.jpg,fractured,"(224, 224)",345.7110201233082,67.8549505739796,150528,39.63309190634599,2295,False
48,C:/Users/Akshat Mittu/Desktop/Model Monitoring Dashboard/pages/models/Bone Fracture Detection/Production/2024-03-01/fractured/107-rotated3-rotated2-rotated1.jpg,fractured,"(224, 224)",144.0857163361339,61.57310267857143,150528,45.27744990713118,1134,False
49,C:/Users/Akshat Mittu/Desktop/Model Monitoring Dashboard/pages/models/Bone Fracture Detection/Production/2024-03-01/fractured/107-rotated3-rotated3-rotated1.jpg,fractured,"(224, 224)",135.88392018219275,62.35724250637755,150528,44.583100503751496,1215,False
50,C:/Users/Akshat Mittu/Desktop/Model Monitoring Dashboard/pages/models/Bone Fracture Detection/Production/2024-03-01/fractured/108-rotated1-rotated1-rotated2.jpg,fractured,"(224, 224)",117.80517728385307,66.13442681760205,150528,49.173150096693874,1866,False
51,C:/Users/Akshat Mittu/Desktop/Model Monitoring Dashboard/pages/models/Bone Fracture Detection/Production/2024-03-01/fractured/108-rotated1-rotated3-rotated1.jpg,fractured,"(224, 224)",121.903206732709,63.381955516581634,150528,51.45843255542437,1311,False
52,C:/Users/Akshat Mittu/Desktop/Model Monitoring Dashboard/pages/models/Bone Fracture Detection/Production/2024-03-01/fractured/108-rotated2-rotated3-rotated1.jpg,fractured,"(224, 224)",119.91746190804733,64.70079320790816,150528,50.38331050742049,1542,False
53,C:/Users/Akshat Mittu/Desktop/Model Monitoring Dashboard/pages/models/Bone Fracture Detection/Production/2024-03-01/fractured/108-rotated3-rotated1-rotated2.jpg,fractured,"(224, 224)",112.76125436264093,65.26743861607143,150528,49.93464882628329,1542,False
54,C:/Users/Akshat Mittu/Desktop/Model Monitoring Dashboard/pages/models/Bone Fracture Detection/Production/2024-03-01/fractured/109-rotated1-rotated3-rotated1.jpg,fractured,"(224, 224)",138.0478514254664,41.597536670918366,150528,43.475488695788364,1206,False
55,C:/Users/Akshat Mittu/Desktop/Model Monitoring Dashboard/pages/models/Bone Fracture Detection/Production/2024-03-01/fractured/109-rotated2-rotated1.jpg,fractured,"(224, 224)",263.3467876858534,46.78411989795919,150528,43.27023007381907,1626,False
56,C:/Users/Akshat Mittu/Desktop/Model Monitoring Dashboard/pages/models/Bone Fracture Detection/Production/2024-03-01/fractured/109-rotated3-rotated1-rotated1.jpg,fractured,"(224, 224)",193.17265893975085,43.976542570153065,150528,44.049210388811865,1338,False
57,C:/Users/Akshat Mittu/Desktop/Model Monitoring Dashboard/pages/models/Bone Fracture Detection/Production/2024-03-01/fractured/109-rotated3-rotated1-rotated2.jpg,fractured,"(224, 224)",272.430996360604,44.02714445153061,150528,44.337599445555995,1443,False
58,C:/Users/Akshat Mittu/Desktop/Model Monitoring Dashboard/pages/models/Bone Fracture Detection/Production/2024-03-01/fractured/109-rotated3-rotated1.jpg,fractured,"(224, 224)",188.6723029701872,43.11112882653061,150528,43.77038982444541,1344,False
59,C:/Users/Akshat Mittu/Desktop/Model Monitoring Dashboard/pages/models/Bone Fracture Detection/Production/2024-03-01/fractured/109-rotated3-rotated2-rotated3.jpg,fractured,"(224, 224)",124.35520387837809,42.00263073979592,150528,43.781137255300635,1203,False
60,C:/Users/Akshat Mittu/Desktop/Model Monitoring Dashboard/pages/models/Bone Fracture Detection/Production/2024-03-01/fractured/109-rotated3-rotated2.jpg,fractured,"(224, 224)",240.45627889192292,43.73662707270408,150528,43.8273129123639,1356,False
61,C:/Users/Akshat Mittu/Desktop/Model Monitoring Dashboard/pages/models/Bone Fracture Detection/Production/2024-03-01/fractured/109-rotated3.jpg,fractured,"(224, 224)",598.7426162042103,46.825892857142854,150528,43.76026460307773,1728,False
62,C:/Users/Akshat Mittu/Desktop/Model Monitoring Dashboard/pages/models/Bone Fracture Detection/Production/2024-03-01/fractured/11-rotated1-rotated1-rotated1.jpg,fractured,"(224, 224)",76.00968983907195,37.41133211096939,150528,46.74172156317232,2871,True
63,C:/Users/Akshat Mittu/Desktop/Model Monitoring Dashboard/pages/models/Bone Fracture Detection/Production/2024-03-01/fractured/11-rotated1-rotated2.jpg,fractured,"(224, 224)",138.64094634931914,38.40156648596939,150528,46.79251412487342,2949,True
64,C:/Users/Akshat Mittu/Desktop/Model Monitoring Dashboard/pages/models/Bone Fracture Detection/Production/2024-03-01/fractured/11-rotated2-rotated2-rotated2.jpg,fractured,"(224, 224)",85.48255092925899,35.043048469387756,150528,47.125314016224365,2991,True
65,C:/Users/Akshat Mittu/Desktop/Model Monitoring Dashboard/pages/models/Bone Fracture Detection/Production/2024-03-01/fractured/11-rotated3.jpg,fractured,"(224, 224)",188.14575691612401,37.76128029336735,150528,47.028937416733896,2904,True
66,C:/Users/Akshat Mittu/Desktop/Model Monitoring Dashboard/pages/models/Bone Fracture Detection/Production/2024-03-01/fractured/110-rotated1-rotated1-rotated3.jpg,fractured,"(224, 224)",220.1348246165684,71.40477519132654,150528,53.01197141249687,3,False
67,C:/Users/Akshat Mittu/Desktop/Model Monitoring Dashboard/pages/models/Bone Fracture Detection/Production/2024-03-01/fractured/110-rotated1-rotated1.jpg,fractured,"(224, 224)",173.95327585570666,73.47458944515306,150528,50.99131367696543,0,False
68,C:/Users/Akshat Mittu/Desktop/Model Monitoring Dashboard/pages/models/Bone Fracture Detection/Production/2024-03-01/fractured/110-rotated1-rotated2-rotated2.jpg,fractured,"(224, 224)",179.77801107853864,71.66677295918367,150528,52.288509810556434,0,False
69,C:/Users/Akshat Mittu/Desktop/Model Monitoring Dashboard/pages/models/Bone Fracture Detection/Production/2024-03-01/fractured/110-rotated2-rotated1-rotated2.jpg,fractured,"(224, 224)",128.8355012037316,71.39411272321429,150528,52.806261220702844,0,False
70,C:/Users/Akshat Mittu/Desktop/Model Monitoring Dashboard/pages/models/Bone Fracture Detection/Production/2024-03-01/fractured/110-rotated2-rotated1-rotated3.jpg,fractured,"(224, 224)",134.49897153434134,71.41912468112245,150528,52.79842256829889,0,False
71,C:/Users/Akshat Mittu/Desktop/Model Monitoring Dashboard/pages/models/Bone Fracture Detection/Production/2024-03-01/fractured/110-rotated3-rotated1-rotated2.jpg,fractured,"(224, 224)",141.5794117171682,69.95683195153062,150528,53.641235860763885,0,False
72,C:/Users/Akshat Mittu/Desktop/Model Monitoring Dashboard/pages/models/Bone Fracture Detection/Production/2024-03-01/fractured/111-rotated2-rotated1-rotated2.jpg,fractured,"(224, 224)",190.2977233403725,50.03061224489796,150528,55.389292395960034,720,False
73,C:/Users/Akshat Mittu/Desktop/Model Monitoring Dashboard/pages/models/Bone Fracture Detection/Production/2024-03-01/fractured/111-rotated2-rotated3-rotated3.jpg,fractured,"(224, 224)",248.22851780482702,50.69579081632653,150528,55.09329267216967,648,False
74,C:/Users/Akshat Mittu/Desktop/Model Monitoring Dashboard/pages/models/Bone Fracture Detection/Production/2024-03-01/fractured/111-rotated2-rotated3.jpg,fractured,"(224, 224)",234.6430558677715,48.960658482142854,150528,55.422669012871246,630,False
75,C:/Users/Akshat Mittu/Desktop/Model Monitoring Dashboard/pages/models/Bone Fracture Detection/Production/2024-03-01/fractured/111-rotated3-rotated1-rotated3.jpg,fractured,"(224, 224)",134.27783272873106,48.77883848852041,150528,54.79285783589282,291,False
76,C:/Users/Akshat Mittu/Desktop/Model Monitoring Dashboard/pages/models/Bone Fracture Detection/Production/2024-03-01/fractured/111-rotated3-rotated3-rotated1.jpg,fractured,"(224, 224)",141.89402952118755,49.015943877551024,150528,54.77501729828538,324,False
77,C:/Users/Akshat Mittu/Desktop/Model Monitoring Dashboard/pages/models/Bone Fracture Detection/Production/2024-03-01/fractured/111-rotated3-rotated3-rotated2.jpg,fractured,"(224, 224)",138.87528778641786,49.030492665816325,150528,54.77188521314492,327,False
78,C:/Users/Akshat Mittu/Desktop/Model Monitoring Dashboard/pages/models/Bone Fracture Detection/Production/2024-03-01/fractured/112-rotated1-rotated1-rotated2.jpg,fractured,"(224, 224)",170.50224789059794,68.1636041135204,150528,52.36519873028901,669,False
79,C:/Users/Akshat Mittu/Desktop/Model Monitoring Dashboard/pages/models/Bone Fracture Detection/Production/2024-03-01/fractured/112-rotated1-rotated2.jpg,fractured,"(224, 224)",268.2936703329631,72.26048309948979,150528,50.66539855687834,783,False
80,C:/Users/Akshat Mittu/Desktop/Model Monitoring Dashboard/pages/models/Bone Fracture Detection/Production/2024-03-01/fractured/112-rotated1-rotated3.jpg,fractured,"(224, 224)",256.3235755278537,67.6092753507653,150528,52.658343733591366,765,False
81,C:/Users/Akshat Mittu/Desktop/Model Monitoring Dashboard/pages/models/Bone Fracture Detection/Production/2024-03-01/fractured/112-rotated1.jpg,fractured,"(224, 224)",534.4819138021282,74.57364078443878,150528,49.43319353383144,1005,False
82,C:/Users/Akshat Mittu/Desktop/Model Monitoring Dashboard/pages/models/Bone Fracture Detection/Production/2024-03-01/fractured/112-rotated2-rotated2-rotated3.jpg,fractured,"(224, 224)",290.7708621896937,68.00201291454081,150528,52.704056107926945,768,False
83,C:/Users/Akshat Mittu/Desktop/Model Monitoring Dashboard/pages/models/Bone Fracture Detection/Production/2024-03-01/fractured/112-rotated2-rotated3-rotated1.jpg,fractured,"(224, 224)",278.67595686231346,69.82130899234694,150528,52.018841762255136,801,False
84,C:/Users/Akshat Mittu/Desktop/Model Monitoring Dashboard/pages/models/Bone Fracture Detection/Production/2024-03-01/fractured/112-rotated2-rotated3-rotated2.jpg,fractured,"(224, 224)",345.5536898029491,70.85445232780613,150528,51.5555483999319,735,False
85,C:/Users/Akshat Mittu/Desktop/Model Monitoring Dashboard/pages/models/Bone Fracture Detection/Production/2024-03-01/fractured/112-rotated2-rotated3-rotated3.jpg,fractured,"(224, 224)",277.71160051337085,66.66009646045919,150528,52.96974499116897,777,False
86,C:/Users/Akshat Mittu/Desktop/Model Monitoring Dashboard/pages/models/Bone Fracture Detection/Production/2024-03-01/fractured/112-rotated2-rotated3.jpg,fractured,"(224, 224)",293.33457742418557,74.15423708545919,150528,49.30186381359404,822,False
87,C:/Users/Akshat Mittu/Desktop/Model Monitoring Dashboard/pages/models/Bone Fracture Detection/Production/2024-03-01/fractured/112.jpg,fractured,"(1962, 1220)",86.52253690231613,77.84377934860714,7180920,48.10061340729409,68217,True
88,C:/Users/Akshat Mittu/Desktop/Model Monitoring Dashboard/pages/models/Bone Fracture Detection/Production/2024-03-01/fractured/113-rotated1-rotated2-rotated2.jpg,fractured,"(224, 224)",155.16616215918373,48.26024394132653,150528,48.625883203816535,1965,False
89,C:/Users/Akshat Mittu/Desktop/Model Monitoring Dashboard/pages/models/Bone Fracture Detection/Production/2024-03-01/fractured/113-rotated2-rotated1-rotated1.jpg,fractured,"(224, 224)",162.6511893171114,44.19507334183673,150528,49.028732981866064,2217,False
90,C:/Users/Akshat Mittu/Desktop/Model Monitoring Dashboard/pages/models/Bone Fracture Detection/Production/2024-03-01/fractured/113-rotated2-rotated2-rotated2.jpg,fractured,"(224, 224)",182.51866474294602,47.179567920918366,150528,48.80796611274954,2049,False
91,C:/Users/Akshat Mittu/Desktop/Model Monitoring Dashboard/pages/models/Bone Fracture Detection/Production/2024-03-01/fractured/113-rotated2-rotated2-rotated3.jpg,fractured,"(224, 224)",155.15676584843547,44.608039700255105,150528,48.93167562102622,2190,False
92,C:/Users/Akshat Mittu/Desktop/Model Monitoring Dashboard/pages/models/Bone Fracture Detection/Production/2024-03-01/fractured/113-rotated2-rotated2.jpg,fractured,"(224, 224)",251.9395246573261,47.14114317602041,150528,49.1802755809548,2130,False
93,C:/Users/Akshat Mittu/Desktop/Model Monitoring Dashboard/pages/models/Bone Fracture Detection/Production/2024-03-01/fractured/113-rotated3-rotated2-rotated1.jpg,fractured,"(224, 224)",160.89022063851507,46.517598054846935,150528,48.93156771589273,2037,False
94,C:/Users/Akshat Mittu/Desktop/Model Monitoring Dashboard/pages/models/Bone Fracture Detection/Production/2024-03-01/fractured/113-rotated3-rotated3-rotated3.jpg,fractured,"(224, 224)",159.60920808117675,44.05223612882653,150528,49.31658220916908,2073,False
95,C:/Users/Akshat Mittu/Desktop/Model Monitoring Dashboard/pages/models/Bone Fracture Detection/Production/2024-03-01/fractured/113-rotated3-rotated3.jpg,fractured,"(224, 224)",284.5970303183146,44.628985969387756,150528,49.44244038040811,2217,False
96,C:/Users/Akshat Mittu/Desktop/Model Monitoring Dashboard/pages/models/Bone Fracture Detection/Production/2024-03-01/fractured/114-rotated1-rotated3-rotated2.jpg,fractured,"(224, 224)",263.81460094650504,77.30554448341837,150528,54.8000217587197,42,False
97,C:/Users/Akshat Mittu/Desktop/Model Monitoring Dashboard/pages/models/Bone Fracture Detection/Production/2024-03-01/fractured/114-rotated3-rotated1-rotated3.jpg,fractured,"(224, 224)",205.69654810562676,72.94429607780613,150528,58.59401365715127,6,False
98,C:/Users/Akshat Mittu/Desktop/Model Monitoring Dashboard/pages/models/Bone Fracture Detection/Production/2024-03-01/fractured/115-rotated1-rotated2-rotated3.jpg,fractured,"(224, 224)",254.01148383670025,60.5234375,150528,50.19366639483046,402,False
99,C:/Users/Akshat Mittu/Desktop/Model Monitoring Dashboard/pages/models/Bone Fracture Detection/Production/2024-03-01/fractured/115-rotated2-rotated1-rotated1.jpg,fractured,"(224, 224)",545.7970069871749,62.842793367346935,150528,48.648913205745515,477,False
100,C:/Users/Akshat Mittu/Desktop/Model Monitoring Dashboard/pages/models/Bone Fracture Detection/Production/2024-03-01/fractured/115-rotated2-rotated1-rotated2.jpg,fractured,"(224, 224)",355.3970678755265,62.83627630739796,150528,48.254225770648056,420,False
101,C:/Users/Akshat Mittu/Desktop/Model Monitoring Dashboard/pages/models/Bone Fracture Detection/Production/2024-03-01/fractured/115-rotated3-rotated2-rotated3.jpg,fractured,"(224, 224)",283.1048486078842,61.70224808673469,150528,49.18342443553834,414,False
102,C:/Users/Akshat Mittu/Desktop/Model Monitoring Dashboard/pages/models/Bone Fracture Detection/Production/2024-03-01/fractured/115-rotated3-rotated3-rotated2.jpg,fractured,"(224, 224)",274.32343824323846,61.71075813137755,150528,49.19827121597019,417,False
103,C:/Users/Akshat Mittu/Desktop/Model Monitoring Dashboard/pages/models/Bone Fracture Detection/Production/2024-03-01/fractured/116-rotated1-rotated2.jpg,fractured,"(224, 224)",155.73169578248786,53.13265306122449,150528,41.870442911213196,1866,False
104,C:/Users/Akshat Mittu/Desktop/Model Monitoring Dashboard/pages/models/Bone Fracture Detection/Production/2024-03-01/fractured/116-rotated2-rotated3-rotated1.jpg,fractured,"(224, 224)",109.09561038344961,50.266282684948976,150528,43.96247901886906,1326,False
105,C:/Users/Akshat Mittu/Desktop/Model Monitoring Dashboard/pages/models/Bone Fracture Detection/Production/2024-03-01/fractured/116-rotated2-rotated3-rotated3.jpg,fractured,"(224, 224)",112.80933253619136,50.253627232142854,150528,43.97642626499897,1347,False
106,C:/Users/Akshat Mittu/Desktop/Model Monitoring Dashboard/pages/models/Bone Fracture Detection/Production/2024-03-01/fractured/116-rotated2-rotated3.jpg,fractured,"(224, 224)",137.20897409867268,53.05905213647959,150528,41.95049641142915,1857,False
107,C:/Users/Akshat Mittu/Desktop/Model Monitoring Dashboard/pages/models/Bone Fracture Detection/Production/2024-03-01/fractured/116-rotated3-rotated2-rotated3.jpg,fractured,"(224, 224)",97.84720485263048,50.93150111607143,150528,43.468669436769694,1395,False
108,C:/Users/Akshat Mittu/Desktop/Model Monitoring Dashboard/pages/models/Bone Fracture Detection/Production/2024-03-01/fractured/116-rotated3-rotated3-rotated2.jpg,fractured,"(224, 224)",101.24301313966673,50.709343112244895,150528,43.63120055361325,1434,False
109,C:/Users/Akshat Mittu/Desktop/Model Monitoring Dashboard/pages/models/Bone Fracture Detection/Production/2024-03-01/fractured/117-rotated1-rotated2-rotated2.jpg,fractured,"(224, 224)",56.34848043433034,31.977638711734695,150528,38.99197074396596,4179,True
110,C:/Users/Akshat Mittu/Desktop/Model Monitoring Dashboard/pages/models/Bone Fracture Detection/Production/2024-03-01/fractured/117-rotated2-rotated3-rotated2.jpg,fractured,"(224, 224)",74.27377701282302,30.70053411989796,150528,39.87679182808505,3858,True
111,C:/Users/Akshat Mittu/Desktop/Model Monitoring Dashboard/pages/models/Bone Fracture Detection/Production/2024-03-01/fractured/117-rotated2.jpg,fractured,"(224, 224)",461.9802694515306,32.637814891581634,150528,39.2639593300586,4275,True
112,C:/Users/Akshat Mittu/Desktop/Model Monitoring Dashboard/pages/models/Bone Fracture Detection/Production/2024-03-01/fractured/117-rotated3-rotated1-rotated1.jpg,fractured,"(224, 224)",73.35176302462209,31.337631536989797,150528,39.427210481365705,3999,True
113,C:/Users/Akshat Mittu/Desktop/Model Monitoring Dashboard/pages/models/Bone Fracture Detection/Production/2024-03-01/fractured/117-rotated3-rotated1-rotated3.jpg,fractured,"(224, 224)",60.00355035352092,31.910674426020407,150528,39.0593890707092,4020,True
114,C:/Users/Akshat Mittu/Desktop/Model Monitoring Dashboard/pages/models/Bone Fracture Detection/Production/2024-03-01/fractured/118-rotated1-rotated2-rotated3.jpg,fractured,"(224, 224)",29.775332916383686,47.85746173469388,150528,41.66829708483497,0,False
115,C:/Users/Akshat Mittu/Desktop/Model Monitoring Dashboard/pages/models/Bone Fracture Detection/Production/2024-03-01/fractured/118-rotated1.jpg,fractured,"(224, 224)",178.92177364598805,51.04165338010204,150528,40.09267876202342,57,False
116,C:/Users/Akshat Mittu/Desktop/Model Monitoring Dashboard/pages/models/Bone Fracture Detection/Production/2024-03-01/fractured/118-rotated2-rotated1.jpg,fractured,"(224, 224)",107.95085852486746,50.169304049744895,150528,40.26836760300104,12,False
117,C:/Users/Akshat Mittu/Desktop/Model Monitoring Dashboard/pages/models/Bone Fracture Detection/Production/2024-03-01/fractured/118-rotated2-rotated2-rotated2.jpg,fractured,"(224, 224)",79.85001882499876,50.86025191326531,150528,40.07078152489194,24,False
118,C:/Users/Akshat Mittu/Desktop/Model Monitoring Dashboard/pages/models/Bone Fracture Detection/Production/2024-03-01/fractured/118-rotated3-rotated1.jpg,fractured,"(224, 224)",119.3082599437321,51.45601482780612,150528,39.692283609330225,15,False
119,C:/Users/Akshat Mittu/Desktop/Model Monitoring Dashboard/pages/models/Bone Fracture Detection/Production/2024-03-01/fractured/119-rotated1-rotated1-rotated1.jpg,fractured,"(224, 224)",153.56400593476016,59.950852997448976,150528,40.00720369292563,729,False
120,C:/Users/Akshat Mittu/Desktop/Model Monitoring Dashboard/pages/models/Bone Fracture Detection/Production/2024-03-01/fractured/119-rotated1-rotated2-rotated2.jpg,fractured,"(224, 224)",175.32779679900156,57.26470822704081,150528,42.21648195384876,720,False
121,C:/Users/Akshat Mittu/Desktop/Model Monitoring Dashboard/pages/models/Bone Fracture Detection/Production/2024-03-01/fractured/119-rotated1-rotated3-rotated2.jpg,fractured,"(224, 224)",199.82548180047496,60.437619579081634,150528,39.57393077615545,747,False
122,C:/Users/Akshat Mittu/Desktop/Model Monitoring Dashboard/pages/models/Bone Fracture Detection/Production/2024-03-01/fractured/119-rotated2.jpg,fractured,"(224, 224)",448.62530272546184,59.46934789540816,150528,41.26898837683647,888,False
123,C:/Users/Akshat Mittu/Desktop/Model Monitoring Dashboard/pages/models/Bone Fracture Detection/Production/2024-03-01/fractured/119-rotated3-rotated2.jpg,fractured,"(224, 224)",268.3367689002409,56.898517219387756,150528,42.592669651073095,795,False
124,C:/Users/Akshat Mittu/Desktop/Model Monitoring Dashboard/pages/models/Bone Fracture Detection/Production/2024-03-01/fractured/119-rotated3-rotated3-rotated1.jpg,fractured,"(224, 224)",170.9907845553136,56.117466517857146,150528,42.6495632449446,666,False
125,C:/Users/Akshat Mittu/Desktop/Model Monitoring Dashboard/pages/models/Bone Fracture Detection/Production/2024-03-01/fractured/119.jpg,fractured,"(1500, 1664)",33.252509072914094,63.774207932692306,7488000,38.77135231495235,53928,True
126,C:/Users/Akshat Mittu/Desktop/Model Monitoring Dashboard/pages/models/Bone Fracture Detection/Production/2024-03-01/fractured/12-rotated1-rotated3-rotated1.jpg,fractured,"(224, 224)",385.6856173313146,73.86328125,150528,75.93262326205969,0,False
127,C:/Users/Akshat Mittu/Desktop/Model Monitoring Dashboard/pages/models/Bone Fracture Detection/Production/2024-03-01/fractured/12-rotated1.jpg,fractured,"(224, 224)",592.9350705923312,79.68993144132654,150528,77.43555324652924,0,False
128,C:/Users/Akshat Mittu/Desktop/Model Monitoring Dashboard/pages/models/Bone Fracture Detection/Production/2024-03-01/fractured/12-rotated3-rotated1.jpg,fractured,"(224, 224)",385.2035295990098,74.04966517857143,150528,75.97553876295692,0,False
129,C:/Users/Akshat Mittu/Desktop/Model Monitoring Dashboard/pages/models/Bone Fracture Detection/Production/2024-03-01/fractured/12-rotated3-rotated3-rotated1.jpg,fractured,"(224, 224)",275.1984331888837,69.07116948341837,150528,75.03728915351319,0,False
130,C:/Users/Akshat Mittu/Desktop/Model Monitoring Dashboard/pages/models/Bone Fracture Detection/Production/2024-03-01/fractured/120-rotated2-rotated2.jpg,fractured,"(224, 224)",148.7613841560869,64.50900829081633,150528,54.12564399778239,12,False
131,C:/Users/Akshat Mittu/Desktop/Model Monitoring Dashboard/pages/models/Bone Fracture Detection/Production/2024-03-01/fractured/120-rotated2-rotated3-rotated3.jpg,fractured,"(224, 224)",104.1554599684112,63.20854591836735,150528,55.09083910743843,3,False
132,C:/Users/Akshat Mittu/Desktop/Model Monitoring Dashboard/pages/models/Bone Fracture Detection/Production/2024-03-01/fractured/120-rotated3-rotated1-rotated3.jpg,fractured,"(224, 224)",98.35612465390956,63.90551259566327,150528,54.73457249530632,6,False
133,C:/Users/Akshat Mittu/Desktop/Model Monitoring Dashboard/pages/models/Bone Fracture Detection/Production/2024-03-01/fractured/13-rotated1-rotated3.jpg,fractured,"(224, 224)",151.6491213774294,61.14901546556123,150528,43.64032508769436,15,False
134,C:/Users/Akshat Mittu/Desktop/Model Monitoring Dashboard/pages/models/Bone Fracture Detection/Production/2024-03-01/fractured/13-rotated2-rotated1-rotated1.jpg,fractured,"(224, 224)",93.69971107314495,59.18359375,150528,45.18287553925353,3,False
135,C:/Users/Akshat Mittu/Desktop/Model Monitoring Dashboard/pages/models/Bone Fracture Detection/Production/2024-03-01/fractured/13-rotated2-rotated1.jpg,fractured,"(224, 224)",214.96081049647842,64.31925621811224,150528,40.35222118442728,90,False
136,C:/Users/Akshat Mittu/Desktop/Model Monitoring Dashboard/pages/models/Bone Fracture Detection/Production/2024-03-01/fractured/13-rotated2-rotated3-rotated1.jpg,fractured,"(224, 224)",157.31365269593826,60.359992825255105,150528,43.831360311031986,48,False
137,C:/Users/Akshat Mittu/Desktop/Model Monitoring Dashboard/pages/models/Bone Fracture Detection/Production/2024-03-01/fractured/14-rotated1-rotated3-rotated1.jpg,fractured,"(224, 224)",153.7326480924264,67.44194435586735,150528,60.816268878859674,0,False
138,C:/Users/Akshat Mittu/Desktop/Model Monitoring Dashboard/pages/models/Bone Fracture Detection/Production/2024-03-01/fractured/14-rotated2.jpg,fractured,"(224, 224)",452.26157652701204,67.81576849489795,150528,60.446140892035224,0,False
139,C:/Users/Akshat Mittu/Desktop/Model Monitoring Dashboard/pages/models/Bone Fracture Detection/Production/2024-03-01/no fracture/10-rotated1-rotated1.jpg,no fracture,"(224, 224)",258.89438817224027,54.17305086096939,150528,60.776869398987714,123,False
140,C:/Users/Akshat Mittu/Desktop/Model Monitoring Dashboard/pages/models/Bone Fracture Detection/Production/2024-03-01/no fracture/10-rotated1-rotated2-rotated3.jpg,no fracture,"(224, 224)",110.66284009209775,52.41322544642857,150528,61.131361273459625,48,False
141,C:/Users/Akshat Mittu/Desktop/Model Monitoring Dashboard/pages/models/Bone Fracture Detection/Production/2024-03-01/no fracture/10-rotated1-rotated3-rotated1-rotated1.jpg,no fracture,"(224, 224)",116.80667112827896,52.04213169642857,150528,60.5278816791953,69,False
142,C:/Users/Akshat Mittu/Desktop/Model Monitoring Dashboard/pages/models/Bone Fracture Detection/Production/2024-03-01/no fracture/10-rotated2-rotated1-rotated1.jpg,no fracture,"(224, 224)",177.70868765002035,54.59237484056123,150528,60.72356215940898,57,False
143,C:/Users/Akshat Mittu/Desktop/Model Monitoring Dashboard/pages/models/Bone Fracture Detection/Production/2024-03-01/no fracture/10-rotated2-rotated2-rotated2.jpg,no fracture,"(224, 224)",122.29435506913623,55.45196906887755,150528,61.040809903227036,6,False
144,C:/Users/Akshat Mittu/Desktop/Model Monitoring Dashboard/pages/models/Bone Fracture Detection/Production/2024-03-01/no fracture/10-rotated2-rotated3-rotated1.jpg,no fracture,"(224, 224)",127.92570031955313,54.20786830357143,150528,60.79345677317285,27,False
145,C:/Users/Akshat Mittu/Desktop/Model Monitoring Dashboard/pages/models/Bone Fracture Detection/Production/2024-03-01/no fracture/10-rotated3-rotated1-rotated1-rotated1.jpg,no fracture,"(224, 224)",80.99518122190436,50.9572903380102,150528,60.80537735170712,48,False
146,C:/Users/Akshat Mittu/Desktop/Model Monitoring Dashboard/pages/models/Bone Fracture Detection/Production/2024-03-01/no fracture/10-rotated3-rotated1-rotated3.jpg,no fracture,"(224, 224)",105.82980838213203,52.278977997448976,150528,60.710282967120634,54,False
147,C:/Users/Akshat Mittu/Desktop/Model Monitoring Dashboard/pages/models/Bone Fracture Detection/Production/2024-03-01/no fracture/10-rotated3-rotated3.jpg,no fracture,"(224, 224)",161.83470949953866,54.64833785076531,150528,61.349301584242816,39,False
148,C:/Users/Akshat Mittu/Desktop/Model Monitoring Dashboard/pages/models/Bone Fracture Detection/Production/2024-03-01/no fracture/12-rotated1-rotated1-rotated2-rotated1.jpg,no fracture,"(224, 224)",63.606337878168844,55.388113839285715,150528,39.266457301200994,9,False
149,C:/Users/Akshat Mittu/Desktop/Model Monitoring Dashboard/pages/models/Bone Fracture Detection/Production/2024-03-01/no fracture/12-rotated1-rotated2-rotated2-rotated1.jpg,no fracture,"(224, 224)",67.92391163048671,55.55853396045919,150528,39.32225727506746,9,False
150,C:/Users/Akshat Mittu/Desktop/Model Monitoring Dashboard/pages/models/Bone Fracture Detection/Production/2024-03-01/no fracture/12-rotated2-rotated1-rotated1.jpg,no fracture,"(224, 224)",86.04622644704861,57.74790736607143,150528,38.08380340508996,33,False
151,C:/Users/Akshat Mittu/Desktop/Model Monitoring Dashboard/pages/models/Bone Fracture Detection/Production/2024-03-01/no fracture/12-rotated2-rotated1-rotated2-rotated1.jpg,no fracture,"(224, 224)",68.38142768664441,53.521065848214285,150528,40.75595742314844,3,False
152,C:/Users/Akshat Mittu/Desktop/Model Monitoring Dashboard/pages/models/Bone Fracture Detection/Production/2024-03-01/no fracture/12-rotated3-rotated1-rotated3.jpg,no fracture,"(224, 224)",92.99018255326708,55.27730389030612,150528,39.56947529589858,18,False
153,C:/Users/Akshat Mittu/Desktop/Model Monitoring Dashboard/pages/models/Bone Fracture Detection/Production/2024-03-01/no fracture/12-rotated3-rotated2-rotated2-rotated1.jpg,no fracture,"(224, 224)",68.35059200630046,55.417689732142854,150528,39.21434163435265,9,False
154,C:/Users/Akshat Mittu/Desktop/Model Monitoring Dashboard/pages/models/Bone Fracture Detection/Production/2024-03-01/no fracture/12-rotated3-rotated2-rotated3.jpg,no fracture,"(224, 224)",96.54520152797804,55.42887037627551,150528,39.319297774790556,39,False
155,C:/Users/Akshat Mittu/Desktop/Model Monitoring Dashboard/pages/models/Bone Fracture Detection/Production/2024-03-01/no fracture/13-rotated1-rotated2-rotated2.jpg,no fracture,"(224, 224)",106.94012681864936,43.896364795918366,150528,55.938254807809784,243,False
156,C:/Users/Akshat Mittu/Desktop/Model Monitoring Dashboard/pages/models/Bone Fracture Detection/Production/2024-03-01/no fracture/13-rotated1-rotated3-rotated1.jpg,no fracture,"(224, 224)",135.9433832943117,45.567502391581634,150528,55.14865646430053,228,False
157,C:/Users/Akshat Mittu/Desktop/Model Monitoring Dashboard/pages/models/Bone Fracture Detection/Production/2024-03-01/no fracture/13-rotated2-rotated2-rotated1-rotated1.jpg,no fracture,"(224, 224)",73.39505946998644,44.936204559948976,150528,55.397624309651654,243,False
158,C:/Users/Akshat Mittu/Desktop/Model Monitoring Dashboard/pages/models/Bone Fracture Detection/Production/2024-03-01/no fracture/13-rotated2-rotated2-rotated3-rotated1.jpg,no fracture,"(224, 224)",80.34905631539227,43.66416214923469,150528,55.90609792182675,198,False
159,C:/Users/Akshat Mittu/Desktop/Model Monitoring Dashboard/pages/models/Bone Fracture Detection/Production/2024-03-01/no fracture/13-rotated3-rotated2-rotated3.jpg,no fracture,"(224, 224)",75.48769143162943,44.088647959183675,150528,56.10530171648216,201,False
160,C:/Users/Akshat Mittu/Desktop/Model Monitoring Dashboard/pages/models/Bone Fracture Detection/Production/2024-03-01/no fracture/13-rotated3-rotated3.jpg,no fracture,"(224, 224)",146.9011283343854,44.167211415816325,150528,55.9454626601272,285,False
161,C:/Users/Akshat Mittu/Desktop/Model Monitoring Dashboard/pages/models/Bone Fracture Detection/Production/2024-03-01/no fracture/14-rotated1-rotated1-rotated1-rotated1.jpg,no fracture,"(224, 224)",83.71648651339122,59.33516023596939,150528,62.21942100224612,0,False
162,C:/Users/Akshat Mittu/Desktop/Model Monitoring Dashboard/pages/models/Bone Fracture Detection/Production/2024-03-01/no fracture/14-rotated1-rotated1-rotated2.jpg,no fracture,"(224, 224)",98.1806656826739,58.76303411989796,150528,62.48702806640894,0,False
163,C:/Users/Akshat Mittu/Desktop/Model Monitoring Dashboard/pages/models/Bone Fracture Detection/Production/2024-03-01/no fracture/14-rotated2-rotated3-rotated3.jpg,no fracture,"(224, 224)",123.75530764203623,58.141721141581634,150528,62.50774939536615,0,False
164,C:/Users/Akshat Mittu/Desktop/Model Monitoring Dashboard/pages/models/Bone Fracture Detection/Production/2024-03-01/no fracture/14-rotated3-rotated1-rotated2-rotated1.jpg,no fracture,"(224, 224)",73.3836429441834,58.73124601403061,150528,62.298164669590086,0,False
165,C:/Users/Akshat Mittu/Desktop/Model Monitoring Dashboard/pages/models/Bone Fracture Detection/Production/2024-03-01/no fracture/14-rotated3-rotated1-rotated2.jpg,no fracture,"(224, 224)",106.53127973589088,58.745874521683675,150528,62.421345061737696,0,False
166,C:/Users/Akshat Mittu/Desktop/Model Monitoring Dashboard/pages/models/Bone Fracture Detection/Production/2024-03-01/no fracture/14-rotated3-rotated2-rotated1-rotated1.jpg,no fracture,"(224, 224)",70.0540782729073,56.77682557397959,150528,62.44551338180676,0,False
167,C:/Users/Akshat Mittu/Desktop/Model Monitoring Dashboard/pages/models/Bone Fracture Detection/Production/2024-03-01/no fracture/15-rotated1-rotated1-rotated1.jpg,no fracture,"(224, 224)",114.12032197962597,58.701191804846935,150528,63.66346151041243,0,False
168,C:/Users/Akshat Mittu/Desktop/Model Monitoring Dashboard/pages/models/Bone Fracture Detection/Production/2024-03-01/no fracture/15-rotated1-rotated1-rotated3.jpg,no fracture,"(224, 224)",113.78084193225308,58.247189891581634,150528,64.43680333751632,0,False
169,C:/Users/Akshat Mittu/Desktop/Model Monitoring Dashboard/pages/models/Bone Fracture Detection/Production/2024-03-01/no fracture/15-rotated1-rotated1.jpg,no fracture,"(224, 224)",237.72142931879785,60.75306919642857,150528,63.05841680152605,6,False
170,C:/Users/Akshat Mittu/Desktop/Model Monitoring Dashboard/pages/models/Bone Fracture Detection/Production/2024-03-01/no fracture/15-rotated1-rotated2-rotated1.jpg,no fracture,"(224, 224)",111.27758741358925,57.838448660714285,150528,64.29059543486011,0,False
171,C:/Users/Akshat Mittu/Desktop/Model Monitoring Dashboard/pages/models/Bone Fracture Detection/Production/2024-03-01/no fracture/15-rotated1-rotated3-rotated2.jpg,no fracture,"(224, 224)",111.29685131066643,58.550163424744895,150528,64.18143944737005,0,False
172,C:/Users/Akshat Mittu/Desktop/Model Monitoring Dashboard/pages/models/Bone Fracture Detection/Production/2024-03-01/no fracture/15-rotated1.jpg,no fracture,"(224, 224)",248.02895858713802,60.57886240433673,150528,63.15578468974402,9,False
173,C:/Users/Akshat Mittu/Desktop/Model Monitoring Dashboard/pages/models/Bone Fracture Detection/Production/2024-03-01/no fracture/15-rotated2-rotated1-rotated1.jpg,no fracture,"(224, 224)",94.37058178775762,60.531907684948976,150528,62.59558808252456,0,False
174,C:/Users/Akshat Mittu/Desktop/Model Monitoring Dashboard/pages/models/Bone Fracture Detection/Production/2024-03-01/no fracture/15-rotated2-rotated2-rotated1-rotated1.jpg,no fracture,"(224, 224)",106.68053336145479,59.10455197704081,150528,63.15507554149511,0,False
175,C:/Users/Akshat Mittu/Desktop/Model Monitoring Dashboard/pages/models/Bone Fracture Detection/Production/2024-03-01/no fracture/15-rotated2.jpg,no fracture,"(224, 224)",263.19146634458957,59.368144132653065,150528,63.93677584174775,6,False
176,C:/Users/Akshat Mittu/Desktop/Model Monitoring Dashboard/pages/models/Bone Fracture Detection/Production/2024-03-01/no fracture/15-rotated3-rotated1-rotated3-rotated1.jpg,no fracture,"(224, 224)",87.4958917426348,58.536790497448976,150528,63.65035355806313,0,False
177,C:/Users/Akshat Mittu/Desktop/Model Monitoring Dashboard/pages/models/Bone Fracture Detection/Production/2024-03-01/no fracture/15-rotated3-rotated2-rotated2-rotated1.jpg,no fracture,"(224, 224)",125.97381618131155,59.085319674744895,150528,63.343429193972646,0,False
178,C:/Users/Akshat Mittu/Desktop/Model Monitoring Dashboard/pages/models/Bone Fracture Detection/Production/2024-03-01/no fracture/15-rotated3-rotated3-rotated2.jpg,no fracture,"(224, 224)",107.18438524606077,57.22444993622449,150528,64.60599411465206,0,False
179,C:/Users/Akshat Mittu/Desktop/Model Monitoring Dashboard/pages/models/Bone Fracture Detection/Production/2024-03-01/no fracture/16-rotated1-rotated2-rotated2-rotated1.jpg,no fracture,"(224, 224)",118.7761065420733,58.99720982142857,150528,70.31045201231917,0,False
180,C:/Users/Akshat Mittu/Desktop/Model Monitoring Dashboard/pages/models/Bone Fracture Detection/Production/2024-03-01/no fracture/16-rotated1-rotated2-rotated2.jpg,no fracture,"(224, 224)",190.2746112379418,61.260622608418366,150528,70.94160045548972,0,False
181,C:/Users/Akshat Mittu/Desktop/Model Monitoring Dashboard/pages/models/Bone Fracture Detection/Production/2024-03-01/no fracture/16-rotated1-rotated3-rotated2.jpg,no fracture,"(224, 224)",205.34264709491723,64.8868183992347,150528,71.72597797734531,0,False
182,C:/Users/Akshat Mittu/Desktop/Model Monitoring Dashboard/pages/models/Bone Fracture Detection/Production/2024-03-01/no fracture/16-rotated2-rotated1-rotated2.jpg,no fracture,"(224, 224)",221.9174635826374,59.38022161989796,150528,70.44072125904343,0,False
183,C:/Users/Akshat Mittu/Desktop/Model Monitoring Dashboard/pages/models/Bone Fracture Detection/Production/2024-03-01/no fracture/16-rotated2-rotated1-rotated3-rotated1.jpg,no fracture,"(224, 224)",124.14410163342383,56.916573660714285,150528,70.11688758958141,0,False
184,C:/Users/Akshat Mittu/Desktop/Model Monitoring Dashboard/pages/models/Bone Fracture Detection/Production/2024-03-01/no fracture/16-rotated2-rotated2-rotated1.jpg,no fracture,"(224, 224)",167.2081808763859,60.21731505102041,150528,70.7059992998294,0,False
185,C:/Users/Akshat Mittu/Desktop/Model Monitoring Dashboard/pages/models/Bone Fracture Detection/Production/2024-03-01/no fracture/16-rotated2-rotated3.jpg,no fracture,"(224, 224)",204.21107138419634,57.35401387117347,150528,70.25507386382435,0,False
186,C:/Users/Akshat Mittu/Desktop/Model Monitoring Dashboard/pages/models/Bone Fracture Detection/Production/2024-03-01/no fracture/16-rotated3-rotated1-rotated1.jpg,no fracture,"(224, 224)",238.95109863789668,63.77293925382653,150528,71.39807441822613,0,False
187,C:/Users/Akshat Mittu/Desktop/Model Monitoring Dashboard/pages/models/Bone Fracture Detection/Production/2024-03-01/no fracture/16-rotated3-rotated2-rotated1-rotated1.jpg,no fracture,"(224, 224)",102.0392573609644,59.72329400510204,150528,70.29547784513639,0,False
188,C:/Users/Akshat Mittu/Desktop/Model Monitoring Dashboard/pages/models/Bone Fracture Detection/Production/2024-03-01/no fracture/16-rotated3-rotated3-rotated1.jpg,no fracture,"(224, 224)",169.44566763663775,61.49292490433673,150528,70.96045792533778,0,False
189,C:/Users/Akshat Mittu/Desktop/Model Monitoring Dashboard/pages/models/Bone Fracture Detection/Production/2024-03-01/no fracture/16.jpg,no fracture,"(750, 1256)",206.0126001862584,70.12550212314225,2826000,74.06305927530325,0,False
190,C:/Users/Akshat Mittu/Desktop/Model Monitoring Dashboard/pages/models/Bone Fracture Detection/Production/2024-03-01/no fracture/17-rotated1-rotated1-rotated2.jpg,no fracture,"(224, 224)",149.26173170781644,49.53228635204081,150528,56.79216251295239,261,False
191,C:/Users/Akshat Mittu/Desktop/Model Monitoring Dashboard/pages/models/Bone Fracture Detection/Production/2024-03-01/no fracture/17-rotated1-rotated1-rotated3-rotated1.jpg,no fracture,"(224, 224)",106.8118254213917,47.79454320790816,150528,56.09010773980525,399,False
192,C:/Users/Akshat Mittu/Desktop/Model Monitoring Dashboard/pages/models/Bone Fracture Detection/Production/2024-03-01/no fracture/17-rotated1-rotated1-rotated3.jpg,no fracture,"(224, 224)",106.73021382105844,47.805743781887756,150528,56.08701294469794,378,False
193,C:/Users/Akshat Mittu/Desktop/Model Monitoring Dashboard/pages/models/Bone Fracture Detection/Production/2024-03-01/no fracture/17-rotated1-rotated1.jpg,no fracture,"(224, 224)",143.48279795831365,46.34707828443877,150528,54.69547948922336,960,False
194,C:/Users/Akshat Mittu/Desktop/Model Monitoring Dashboard/pages/models/Bone Fracture Detection/Production/2024-03-01/no fracture/17-rotated1-rotated2-rotated3-rotated1.jpg,no fracture,"(224, 224)",90.38610225774406,43.787468112244895,150528,54.75454774030333,822,False
195,C:/Users/Akshat Mittu/Desktop/Model Monitoring Dashboard/pages/models/Bone Fracture Detection/Production/2024-03-01/no fracture/17-rotated1-rotated3-rotated2.jpg,no fracture,"(224, 224)",156.37553785126292,44.03569435586735,150528,54.793667185507616,969,False
196,C:/Users/Akshat Mittu/Desktop/Model Monitoring Dashboard/pages/models/Bone Fracture Detection/Production/2024-03-01/no fracture/17-rotated1-rotated3.jpg,no fracture,"(224, 224)",192.94770771520726,46.404416454081634,150528,57.0106788769011,495,False
197,C:/Users/Akshat Mittu/Desktop/Model Monitoring Dashboard/pages/models/Bone Fracture Detection/Production/2024-03-01/no fracture/17-rotated2-rotated1.jpg,no fracture,"(224, 224)",201.46418768562216,50.08179209183673,150528,56.91611864531963,333,False
198,C:/Users/Akshat Mittu/Desktop/Model Monitoring Dashboard/pages/models/Bone Fracture Detection/Production/2024-03-01/no fracture/17-rotated2-rotated2-rotated2-rotated1.jpg,no fracture,"(224, 224)",104.77122853408999,46.234793526785715,150528,55.30416187611861,708,False
199,C:/Users/Akshat Mittu/Desktop/Model Monitoring Dashboard/pages/models/Bone Fracture Detection/Production/2024-03-01/no fracture/17-rotated2-rotated2-rotated2.jpg,no fracture,"(224, 224)",222.07872533579757,49.71434550382653,150528,56.96510172006128,306,False
200,C:/Users/Akshat Mittu/Desktop/Model Monitoring Dashboard/pages/models/Bone Fracture Detection/Production/2024-03-01/no fracture/17-rotated2-rotated3-rotated3-rotated1.jpg,no fracture,"(224, 224)",118.08847550499792,46.88773517219388,150528,55.188417011310484,555,False
201,C:/Users/Akshat Mittu/Desktop/Model Monitoring Dashboard/pages/models/Bone Fracture Detection/Production/2024-03-01/no fracture/17-rotated3-rotated3-rotated3.jpg,no fracture,"(224, 224)",123.94254385238386,44.18299585459184,150528,55.9517799246739,717,False
202,C:/Users/Akshat Mittu/Desktop/Model Monitoring Dashboard/pages/models/Bone Fracture Detection/Production/2024-03-01/no fracture/18-rotated1-rotated2-rotated3-rotated1.jpg,no fracture,"(224, 224)",62.550691609777836,31.379484215561224,150528,44.6704002625807,4458,True
203,C:/Users/Akshat Mittu/Desktop/Model Monitoring Dashboard/pages/models/Bone Fracture Detection/Production/2024-03-01/no fracture/18-rotated1-rotated3-rotated1.jpg,no fracture,"(224, 224)",66.20848330672906,31.70802774234694,150528,44.407289337108146,4710,True
204,C:/Users/Akshat Mittu/Desktop/Model Monitoring Dashboard/pages/models/Bone Fracture Detection/Production/2024-03-01/no fracture/18-rotated2-rotated1-rotated1-rotated1.jpg,no fracture,"(224, 224)",64.73949590140408,32.68961256377551,150528,45.0630448806158,4413,True
205,C:/Users/Akshat Mittu/Desktop/Model Monitoring Dashboard/pages/models/Bone Fracture Detection/Production/2024-03-01/no fracture/18-rotated2-rotated1-rotated3.jpg,no fracture,"(224, 224)",100.25469999897237,32.415318080357146,150528,45.41064893350205,4278,True
206,C:/Users/Akshat Mittu/Desktop/Model Monitoring Dashboard/pages/models/Bone Fracture Detection/Production/2024-03-01/no fracture/18-rotated2-rotated3-rotated3.jpg,no fracture,"(224, 224)",117.72429069445957,31.928113042091837,150528,44.421791428596634,4719,True
207,C:/Users/Akshat Mittu/Desktop/Model Monitoring Dashboard/pages/models/Bone Fracture Detection/Production/2024-03-01/no fracture/18-rotated3-rotated2-rotated1-rotated1.jpg,no fracture,"(224, 224)",58.74625765924798,31.897201849489797,150528,44.214353725881764,4611,True
208,C:/Users/Akshat Mittu/Desktop/Model Monitoring Dashboard/pages/models/Bone Fracture Detection/Production/2024-03-01/no fracture/18.jpg,no fracture,"(1066, 1652)",58.032027349193065,35.10204414229838,5283096,45.37328505928075,158109,True
209,C:/Users/Akshat Mittu/Desktop/Model Monitoring Dashboard/pages/models/Bone Fracture Detection/Production/2024-03-01/no fracture/19-rotated1-rotated1-rotated1.jpg,no fracture,"(224, 224)",111.5379578107002,36.684251434948976,150528,48.24977087756792,3630,True
210,C:/Users/Akshat Mittu/Desktop/Model Monitoring Dashboard/pages/models/Bone Fracture Detection/Production/2024-03-01/no fracture/19-rotated1-rotated1.jpg,no fracture,"(224, 224)",164.94564479969284,36.757114955357146,150528,48.40416581756284,3840,True
211,C:/Users/Akshat Mittu/Desktop/Model Monitoring Dashboard/pages/models/Bone Fracture Detection/Production/2024-03-01/no fracture/19-rotated1-rotated2-rotated3-rotated1.jpg,no fracture,"(224, 224)",84.99720870887474,36.47638313137755,150528,48.188831329301,3561,True
212,C:/Users/Akshat Mittu/Desktop/Model Monitoring Dashboard/pages/models/Bone Fracture Detection/Production/2024-03-01/no fracture/19-rotated1-rotated2.jpg,no fracture,"(224, 224)",150.4337353938721,36.80811543367347,150528,48.34800251721929,3732,True
213,C:/Users/Akshat Mittu/Desktop/Model Monitoring Dashboard/pages/models/Bone Fracture Detection/Production/2024-03-01/no fracture/19-rotated1-rotated3-rotated2-rotated1.jpg,no fracture,"(224, 224)",68.49777684177968,35.77465322066327,150528,48.7377562226251,3519,True
214,C:/Users/Akshat Mittu/Desktop/Model Monitoring Dashboard/pages/models/Bone Fracture Detection/Production/2024-03-01/no fracture/19-rotated2-rotated1-rotated1.jpg,no fracture,"(224, 224)",96.99950280719776,36.326829559948976,150528,48.52279465986357,3657,True
215,C:/Users/Akshat Mittu/Desktop/Model Monitoring Dashboard/pages/models/Bone Fracture Detection/Production/2024-03-01/no fracture/19-rotated2-rotated1-rotated2-rotated1.jpg,no fracture,"(224, 224)",79.02560117491977,36.226203762755105,150528,48.34563098792351,3573,True
216,C:/Users/Akshat Mittu/Desktop/Model Monitoring Dashboard/pages/models/Bone Fracture Detection/Production/2024-03-01/no fracture/19-rotated2-rotated2-rotated1.jpg,no fracture,"(224, 224)",99.83494904973712,35.681660554846935,150528,48.906818712063554,3507,True
217,C:/Users/Akshat Mittu/Desktop/Model Monitoring Dashboard/pages/models/Bone Fracture Detection/Production/2024-03-01/no fracture/19-rotated2-rotated2-rotated2.jpg,no fracture,"(224, 224)",104.13755295486163,36.227658641581634,150528,48.54654210287516,3684,True
218,C:/Users/Akshat Mittu/Desktop/Model Monitoring Dashboard/pages/models/Bone Fracture Detection/Production/2024-03-01/no fracture/19-rotated2-rotated3-rotated3.jpg,no fracture,"(224, 224)",102.18590216733973,36.182836415816325,150528,48.55514035967359,3642,True
219,C:/Users/Akshat Mittu/Desktop/Model Monitoring Dashboard/pages/models/Bone Fracture Detection/Production/2024-03-01/no fracture/19-rotated3-rotated1-rotated1-rotated1.jpg,no fracture,"(224, 224)",68.24018484232376,35.85650510204081,150528,48.711848713969246,3516,True
220,C:/Users/Akshat Mittu/Desktop/Model Monitoring Dashboard/pages/models/Bone Fracture Detection/Production/2024-03-01/no fracture/20-rotated1-rotated2-rotated3-rotated1.jpg,no fracture,"(224, 224)",93.18719601541794,47.552754304846935,150528,57.782213929884456,753,False
221,C:/Users/Akshat Mittu/Desktop/Model Monitoring Dashboard/pages/models/Bone Fracture Detection/Production/2024-03-01/no fracture/20-rotated2-rotated1.jpg,no fracture,"(224, 224)",175.62317458235782,52.52780213647959,150528,58.178518539508396,522,False
222,C:/Users/Akshat Mittu/Desktop/Model Monitoring Dashboard/pages/models/Bone Fracture Detection/Production/2024-03-01/no fracture/20-rotated2-rotated2-rotated3-rotated1.jpg,no fracture,"(224, 224)",101.88534248317096,47.007114955357146,150528,58.02424139001164,678,False
223,C:/Users/Akshat Mittu/Desktop/Model Monitoring Dashboard/pages/models/Bone Fracture Detection/Production/2024-03-01/no fracture/20-rotated3-rotated1-rotated2.jpg,no fracture,"(224, 224)",122.01723439829493,49.324298469387756,150528,58.93948171040375,462,False
224,C:/Users/Akshat Mittu/Desktop/Model Monitoring Dashboard/pages/models/Bone Fracture Detection/Production/2024-03-01/no fracture/20-rotated3-rotated1.jpg,no fracture,"(224, 224)",335.55144200926765,47.87826849489796,150528,58.26884980930059,1167,False
225,C:/Users/Akshat Mittu/Desktop/Model Monitoring Dashboard/pages/models/Bone Fracture Detection/Production/2024-03-01/no fracture/20-rotated3-rotated3-rotated1-rotated1.jpg,no fracture,"(224, 224)",118.81086628598904,48.93168048469388,150528,58.65865262615369,420,False
226,C:/Users/Akshat Mittu/Desktop/Model Monitoring Dashboard/pages/models/Bone Fracture Detection/Production/2024-03-01/no fracture/20-rotated3-rotated3-rotated2.jpg,no fracture,"(224, 224)",119.73156419092295,48.44955755739796,150528,58.692470803582395,513,False
227,C:/Users/Akshat Mittu/Desktop/Model Monitoring Dashboard/pages/models/Bone Fracture Detection/Production/2024-03-01/no fracture/20.jpg,no fracture,"(758, 1432)",77.92890760721119,53.601871471529016,3256368,58.23013706457694,26808,True
228,C:/Users/Akshat Mittu/Desktop/Model Monitoring Dashboard/pages/models/Bone Fracture Detection/Production/2024-03-01/no fracture/21-rotated1-rotated1.jpg,no fracture,"(224, 224)",171.63898726991204,44.211595184948976,150528,50.84157160884735,1668,False
229,C:/Users/Akshat Mittu/Desktop/Model Monitoring Dashboard/pages/models/Bone Fracture Detection/Production/2024-03-01/no fracture/21-rotated1-rotated2-rotated1-rotated1.jpg,no fracture,"(224, 224)",97.56400968233083,41.48441485969388,150528,51.01804695910819,1524,False
230,C:/Users/Akshat Mittu/Desktop/Model Monitoring Dashboard/pages/models/Bone Fracture Detection/Production/2024-03-01/no fracture/21-rotated1-rotated2-rotated2-rotated1.jpg,no fracture,"(224, 224)",87.6789324246859,41.83189174107143,150528,50.81518332626482,1572,False
231,C:/Users/Akshat Mittu/Desktop/Model Monitoring Dashboard/pages/models/Bone Fracture Detection/Production/2024-03-01/no fracture/21-rotated1-rotated2.jpg,no fracture,"(224, 224)",165.35737102362376,43.80771683673469,150528,51.452663405397246,1464,False
232,C:/Users/Akshat Mittu/Desktop/Model Monitoring Dashboard/pages/models/Bone Fracture Detection/Production/2024-03-01/no fracture/21-rotated2-rotated2-rotated3-rotated1.jpg,no fracture,"(224, 224)",77.80843349776136,41.57539461096939,150528,51.83788989154303,1251,False
233,C:/Users/Akshat Mittu/Desktop/Model Monitoring Dashboard/pages/models/Bone Fracture Detection/Production/2024-03-01/no fracture/21-rotated2-rotated3-rotated2.jpg,no fracture,"(224, 224)",106.25830378367571,43.31981425382653,150528,50.87995782263484,1617,False
234,C:/Users/Akshat Mittu/Desktop/Model Monitoring Dashboard/pages/models/Bone Fracture Detection/Production/2024-03-01/no fracture/4-rotated2-rotated3-rotated1-rotated1.jpg,no fracture,"(224, 224)",96.40974368079907,70.76977040816327,150528,44.077641229864085,0,False
235,C:/Users/Akshat Mittu/Desktop/Model Monitoring Dashboard/pages/models/Bone Fracture Detection/Production/2024-03-01/no fracture/4-rotated3-rotated2-rotated3.jpg,no fracture,"(224, 224)",121.4762191101195,68.91045519770408,150528,45.576430211419506,3,False
236,C:/Users/Akshat Mittu/Desktop/Model Monitoring Dashboard/pages/models/Bone Fracture Detection/Production/2024-03-01/no fracture/4-rotated3-rotated3-rotated3.jpg,no fracture,"(224, 224)",127.48368251686146,69.29848931760205,150528,45.32238600053636,0,False
237,C:/Users/Akshat Mittu/Desktop/Model Monitoring Dashboard/pages/models/Bone Fracture Detection/Production/2024-03-01/no fracture/5-rotated1-rotated1-rotated2-rotated1.jpg,no fracture,"(224, 224)",83.97664899242166,47.09119897959184,150528,54.9759525846807,501,False
238,C:/Users/Akshat Mittu/Desktop/Model Monitoring Dashboard/pages/models/Bone Fracture Detection/Production/2024-03-01/no fracture/5-rotated1-rotated2-rotated1.jpg,no fracture,"(224, 224)",130.7107953850501,46.52090640943877,150528,55.456567911557485,540,False
239,C:/Users/Akshat Mittu/Desktop/Model Monitoring Dashboard/pages/models/Bone Fracture Detection/Production/2024-03-01/no fracture/5-rotated1-rotated2-rotated2.jpg,no fracture,"(224, 224)",147.05288624118043,46.91541772959184,150528,55.31407221204039,561,False
240,C:/Users/Akshat Mittu/Desktop/Model Monitoring Dashboard/pages/models/Bone Fracture Detection/Production/2024-03-01/no fracture/5-rotated1-rotated3-rotated2-rotated1.jpg,no fracture,"(224, 224)",88.39867345356335,46.020727040816325,150528,55.526389541411525,540,False
241,C:/Users/Akshat Mittu/Desktop/Model Monitoring Dashboard/pages/models/Bone Fracture Detection/Production/2024-03-01/no fracture/5-rotated2-rotated1-rotated2-rotated1.jpg,no fracture,"(224, 224)",92.30967975149348,46.176837531887756,150528,55.46167656117002,504,False
242,C:/Users/Akshat Mittu/Desktop/Model Monitoring Dashboard/pages/models/Bone Fracture Detection/Production/2024-03-01/no fracture/5-rotated2-rotated1-rotated3.jpg,no fracture,"(224, 224)",125.63975941802202,45.73485331632653,150528,55.911692486231466,456,False
243,C:/Users/Akshat Mittu/Desktop/Model Monitoring Dashboard/pages/models/Bone Fracture Detection/Production/2024-03-01/no fracture/5-rotated2-rotated2-rotated3.jpg,no fracture,"(224, 224)",123.52165466802708,45.847676179846935,150528,55.7891493486814,465,False
244,C:/Users/Akshat Mittu/Desktop/Model Monitoring Dashboard/pages/models/Bone Fracture Detection/Production/2024-03-01/no fracture/5-rotated3-rotated1-rotated2-rotated1.jpg,no fracture,"(224, 224)",89.55954996956633,46.35463169642857,150528,55.37116500179319,513,False
245,C:/Users/Akshat Mittu/Desktop/Model Monitoring Dashboard/pages/models/Bone Fracture Detection/Production/2024-03-01/no fracture/5-rotated3-rotated2-rotated2-rotated1.jpg,no fracture,"(224, 224)",90.77075186256366,46.02754304846939,150528,55.22837015707608,561,False
246,C:/Users/Akshat Mittu/Desktop/Model Monitoring Dashboard/pages/models/Bone Fracture Detection/Production/2024-03-01/no fracture/5-rotated3-rotated2-rotated2.jpg,no fracture,"(224, 224)",144.16381950171876,47.006556919642854,150528,55.27116682529888,564,False
247,C:/Users/Akshat Mittu/Desktop/Model Monitoring Dashboard/pages/models/Bone Fracture Detection/Production/2024-03-01/no fracture/5-rotated3-rotated3-rotated1.jpg,no fracture,"(224, 224)",119.63024792359403,45.18767936862245,150528,55.70968845920048,516,False
248,C:/Users/Akshat Mittu/Desktop/Model Monitoring Dashboard/pages/models/Bone Fracture Detection/Production/2024-03-01/no fracture/5-rotated3.jpg,no fracture,"(224, 224)",485.964615573589,46.13388871173469,150528,56.120512548653586,549,False
249,C:/Users/Akshat Mittu/Desktop/Model Monitoring Dashboard/pages/models/Bone Fracture Detection/Production/2024-03-01/no fracture/6-rotated1-rotated2-rotated1.jpg,no fracture,"(224, 224)",241.13535398604816,64.8349609375,150528,61.281552991711635,0,False
250,C:/Users/Akshat Mittu/Desktop/Model Monitoring Dashboard/pages/models/Bone Fracture Detection/Production/2024-03-01/no fracture/6-rotated1-rotated3-rotated2.jpg,no fracture,"(224, 224)",108.91809596642014,55.744997608418366,150528,59.139037751056186,150,False
251,C:/Users/Akshat Mittu/Desktop/Model Monitoring Dashboard/pages/models/Bone Fracture Detection/Production/2024-03-01/no fracture/6-rotated2-rotated1-rotated1.jpg,no fracture,"(224, 224)",135.76946147607296,60.84293287627551,150528,60.51335369030947,0,False
252,C:/Users/Akshat Mittu/Desktop/Model Monitoring Dashboard/pages/models/Bone Fracture Detection/Production/2024-03-01/no fracture/6-rotated2-rotated2-rotated1-rotated1.jpg,no fracture,"(224, 224)",79.3047883694294,57.28057238520408,150528,59.56887421556773,33,False
253,C:/Users/Akshat Mittu/Desktop/Model Monitoring Dashboard/pages/models/Bone Fracture Detection/Production/2024-03-01/no fracture/6-rotated2-rotated2-rotated2.jpg,no fracture,"(224, 224)",144.06496903182367,59.700952646683675,150528,60.26761306075962,0,False
254,C:/Users/Akshat Mittu/Desktop/Model Monitoring Dashboard/pages/models/Bone Fracture Detection/Production/2024-03-01/no fracture/6-rotated2-rotated3-rotated3.jpg,no fracture,"(224, 224)",82.0655953146328,53.93265704719388,150528,58.89125466315378,282,False
255,C:/Users/Akshat Mittu/Desktop/Model Monitoring Dashboard/pages/models/Bone Fracture Detection/Production/2024-03-01/no fracture/6-rotated3-rotated1-rotated1.jpg,no fracture,"(224, 224)",129.34545316898735,58.932637117346935,150528,59.21903359226437,54,False
256,C:/Users/Akshat Mittu/Desktop/Model Monitoring Dashboard/pages/models/Bone Fracture Detection/Production/2024-03-01/no fracture/6-rotated3-rotated2-rotated1.jpg,no fracture,"(224, 224)",218.3892491399026,59.686742665816325,150528,60.11624584596903,0,False
257,C:/Users/Akshat Mittu/Desktop/Model Monitoring Dashboard/pages/models/Bone Fracture Detection/Production/2024-03-01/no fracture/6-rotated3-rotated2.jpg,no fracture,"(224, 224)",302.66252157480614,59.69262197066327,150528,60.39848150948348,33,False
258,C:/Users/Akshat Mittu/Desktop/Model Monitoring Dashboard/pages/models/Bone Fracture Detection/Production/2024-03-01/no fracture/6-rotated3.jpg,no fracture,"(224, 224)",296.2538435116553,55.6413424744898,150528,59.278964291266185,207,False
259,C:/Users/Akshat Mittu/Desktop/Model Monitoring Dashboard/pages/models/Bone Fracture Detection/Production/2024-03-01/no fracture/7-rotated1-rotated1-rotated2-rotated1.jpg,no fracture,"(224, 224)",48.84616678588244,40.727658641581634,150528,44.817072447532794,1002,False
260,C:/Users/Akshat Mittu/Desktop/Model Monitoring Dashboard/pages/models/Bone Fracture Detection/Production/2024-03-01/no fracture/7-rotated1-rotated2.jpg,no fracture,"(224, 224)",112.96523417258749,41.154575892857146,150528,44.169928723323174,1305,False
261,C:/Users/Akshat Mittu/Desktop/Model Monitoring Dashboard/pages/models/Bone Fracture Detection/Production/2024-03-01/no fracture/7-rotated2-rotated1-rotated1.jpg,no fracture,"(224, 224)",54.23528166464695,39.03603316326531,150528,44.49656854192864,1452,False
262,C:/Users/Akshat Mittu/Desktop/Model Monitoring Dashboard/pages/models/Bone Fracture Detection/Production/2024-03-01/no fracture/7-rotated2-rotated1-rotated3-rotated1.jpg,no fracture,"(224, 224)",39.99634520543808,39.035714285714285,150528,44.43911902530133,1272,False
263,C:/Users/Akshat Mittu/Desktop/Model Monitoring Dashboard/pages/models/Bone Fracture Detection/Production/2024-03-01/no fracture/7-rotated2-rotated2-rotated1.jpg,no fracture,"(224, 224)",80.05063959143153,41.96599968112245,150528,43.98505777677547,1209,False
264,C:/Users/Akshat Mittu/Desktop/Model Monitoring Dashboard/pages/models/Bone Fracture Detection/Production/2024-03-01/no fracture/7-rotated2-rotated2-rotated3.jpg,no fracture,"(224, 224)",54.96543946200636,38.75649713010204,150528,44.561117329498956,1311,False
265,C:/Users/Akshat Mittu/Desktop/Model Monitoring Dashboard/pages/models/Bone Fracture Detection/Production/2024-03-01/no fracture/7-rotated2-rotated3-rotated2.jpg,no fracture,"(224, 224)",64.94151931144654,37.88948899872449,150528,44.94051132203771,1335,False
266,C:/Users/Akshat Mittu/Desktop/Model Monitoring Dashboard/pages/models/Bone Fracture Detection/Production/2024-03-01/no fracture/7-rotated2-rotated3-rotated3.jpg,no fracture,"(224, 224)",63.63592956206145,37.922632334183675,150528,44.91396911547699,1392,False
267,C:/Users/Akshat Mittu/Desktop/Model Monitoring Dashboard/pages/models/Bone Fracture Detection/Production/2024-03-01/no fracture/7-rotated2-rotated3.jpg,no fracture,"(224, 224)",133.82660266569584,40.86114875637755,150528,44.65662457877492,1197,False
268,C:/Users/Akshat Mittu/Desktop/Model Monitoring Dashboard/pages/models/Bone Fracture Detection/Production/2024-03-01/no fracture/7-rotated3-rotated1-rotated1-rotated1.jpg,no fracture,"(224, 224)",66.23300675499793,38.536352040816325,150528,44.80348461909879,1374,False
269,C:/Users/Akshat Mittu/Desktop/Model Monitoring Dashboard/pages/models/Bone Fracture Detection/Production/2024-03-01/no fracture/7-rotated3-rotated1-rotated1.jpg,no fracture,"(224, 224)",174.3453048442315,43.075753348214285,150528,45.88860351099348,1191,False
270,C:/Users/Akshat Mittu/Desktop/Model Monitoring Dashboard/pages/models/Bone Fracture Detection/Production/2024-03-01/no fracture/7-rotated3-rotated2-rotated1.jpg,no fracture,"(224, 224)",158.67052841186523,43.131756218112244,150528,45.81296851696011,1176,False
271,C:/Users/Akshat Mittu/Desktop/Model Monitoring Dashboard/pages/models/Bone Fracture Detection/Production/2024-03-01/no fracture/7-rotated3-rotated2-rotated3.jpg,no fracture,"(224, 224)",70.16898507329137,39.931521045918366,150528,44.74310501245758,1137,False
272,C:/Users/Akshat Mittu/Desktop/Model Monitoring Dashboard/pages/models/Bone Fracture Detection/Production/2024-03-01/no fracture/7-rotated3-rotated3-rotated2-rotated1.jpg,no fracture,"(224, 224)",48.612741265779526,38.046217315051024,150528,44.77446712369746,1275,False
273,C:/Users/Akshat Mittu/Desktop/Model Monitoring Dashboard/pages/models/Bone Fracture Detection/Production/2024-03-01/no fracture/7-rotated3-rotated3.jpg,no fracture,"(224, 224)",158.75144359043665,43.134446747448976,150528,45.79500472968638,1155,False
274,C:/Users/Akshat Mittu/Desktop/Model Monitoring Dashboard/pages/models/Bone Fracture Detection/Production/2024-03-01/no fracture/7-rotated3.jpg,no fracture,"(224, 224)",202.31015962483932,40.51719945790816,150528,44.96091502494337,1185,False
275,C:/Users/Akshat Mittu/Desktop/Model Monitoring Dashboard/pages/models/Bone Fracture Detection/Production/2024-03-01/no fracture/8-rotated1-rotated1-rotated1.jpg,no fracture,"(224, 224)",165.51793952784598,60.392797353316325,150528,42.05689234616644,174,False
276,C:/Users/Akshat Mittu/Desktop/Model Monitoring Dashboard/pages/models/Bone Fracture Detection/Production/2024-03-01/no fracture/8-rotated1-rotated1-rotated3.jpg,no fracture,"(224, 224)",164.3767341238814,59.504324776785715,150528,41.68551953249791,225,False
277,C:/Users/Akshat Mittu/Desktop/Model Monitoring Dashboard/pages/models/Bone Fracture Detection/Production/2024-03-01/no fracture/8-rotated1-rotated2-rotated2-rotated1.jpg,no fracture,"(224, 224)",121.78135771356196,57.87627551020408,150528,43.52655858877724,114,False
278,C:/Users/Akshat Mittu/Desktop/Model Monitoring Dashboard/pages/models/Bone Fracture Detection/Production/2024-03-01/no fracture/8-rotated1-rotated2-rotated2.jpg,no fracture,"(224, 224)",182.7818389917999,58.53081154336735,150528,43.303056045661414,171,False
279,C:/Users/Akshat Mittu/Desktop/Model Monitoring Dashboard/pages/models/Bone Fracture Detection/Production/2024-03-01/no fracture/8-rotated1-rotated2-rotated3-rotated1.jpg,no fracture,"(224, 224)",116.3764414340444,59.37631536989796,150528,41.98820804012658,126,False
280,C:/Users/Akshat Mittu/Desktop/Model Monitoring Dashboard/pages/models/Bone Fracture Detection/Production/2024-03-01/no fracture/8-rotated1-rotated3-rotated1.jpg,no fracture,"(224, 224)",187.79673477770243,59.15497448979592,150528,43.102100110411335,177,False
281,C:/Users/Akshat Mittu/Desktop/Model Monitoring Dashboard/pages/models/Bone Fracture Detection/Production/2024-03-01/no fracture/8-rotated1-rotated3-rotated2-rotated1.jpg,no fracture,"(224, 224)",126.72570520517775,59.46673708545919,150528,42.278184017689526,126,False
282,C:/Users/Akshat Mittu/Desktop/Model Monitoring Dashboard/pages/models/Bone Fracture Detection/Production/2024-03-01/no fracture/8-rotated1-rotated3-rotated3-rotated1.jpg,no fracture,"(224, 224)",128.64080713908405,57.79868861607143,150528,43.52903189115326,96,False
283,C:/Users/Akshat Mittu/Desktop/Model Monitoring Dashboard/pages/models/Bone Fracture Detection/Production/2024-03-01/no fracture/8-rotated2-rotated1-rotated2-rotated1.jpg,no fracture,"(224, 224)",111.87307156448017,62.80225605867347,150528,39.30162826636118,141,False
284,C:/Users/Akshat Mittu/Desktop/Model Monitoring Dashboard/pages/models/Bone Fracture Detection/Production/2024-03-01/no fracture/8-rotated2-rotated2-rotated1-rotated1.jpg,no fracture,"(224, 224)",137.67288697197858,61.640844228316325,150528,40.27797837984965,150,False
285,C:/Users/Akshat Mittu/Desktop/Model Monitoring Dashboard/pages/models/Bone Fracture Detection/Production/2024-03-01/no fracture/8-rotated2-rotated2-rotated1.jpg,no fracture,"(224, 224)",170.0524267488993,57.00898836096939,150528,43.70563734457302,138,False
286,C:/Users/Akshat Mittu/Desktop/Model Monitoring Dashboard/pages/models/Bone Fracture Detection/Production/2024-03-01/no fracture/8-rotated3-rotated1-rotated1-rotated1.jpg,no fracture,"(224, 224)",164.16665770003613,57.56889748086735,150528,43.26254219330432,171,False
287,C:/Users/Akshat Mittu/Desktop/Model Monitoring Dashboard/pages/models/Bone Fracture Detection/Production/2024-03-01/no fracture/8-rotated3-rotated1-rotated3-rotated1.jpg,no fracture,"(224, 224)",158.74190326731986,56.798170440051024,150528,44.01516107363075,165,False
288,C:/Users/Akshat Mittu/Desktop/Model Monitoring Dashboard/pages/models/Bone Fracture Detection/Production/2024-03-01/no fracture/8-rotated3-rotated2-rotated2-rotated1.jpg,no fracture,"(224, 224)",121.25485598688475,57.822345344387756,150528,42.807550451825485,114,False
289,C:/Users/Akshat Mittu/Desktop/Model Monitoring Dashboard/pages/models/Bone Fracture Detection/Production/2024-03-01/no fracture/8-rotated3-rotated2-rotated2.jpg,no fracture,"(224, 224)",153.15072387638114,57.846022002551024,150528,42.96831153904115,162,False
290,C:/Users/Akshat Mittu/Desktop/Model Monitoring Dashboard/pages/models/Bone Fracture Detection/Production/2024-03-01/no fracture/8-rotated3-rotated2-rotated3-rotated1.jpg,no fracture,"(224, 224)",118.25163473640067,57.83139349489796,150528,42.887284691814465,117,False
291,C:/Users/Akshat Mittu/Desktop/Model Monitoring Dashboard/pages/models/Bone Fracture Detection/Production/2024-03-01/no fracture/8-rotated3-rotated3-rotated2.jpg,no fracture,"(224, 224)",155.28212616176515,57.76913265306123,150528,42.972901152137524,165,False
292,C:/Users/Akshat Mittu/Desktop/Model Monitoring Dashboard/pages/models/Bone Fracture Detection/Production/2024-03-01/no fracture/9-rotated1-rotated1-rotated1-rotated1.jpg,no fracture,"(224, 224)",87.43436266967825,35.850705516581634,150528,47.13260394685994,4101,True
293,C:/Users/Akshat Mittu/Desktop/Model Monitoring Dashboard/pages/models/Bone Fracture Detection/Production/2024-03-01/no fracture/9-rotated1-rotated1-rotated1.jpg,no fracture,"(224, 224)",94.04282494774961,33.42241310586735,150528,45.46196100743132,4785,True
294,C:/Users/Akshat Mittu/Desktop/Model Monitoring Dashboard/pages/models/Bone Fracture Detection/Production/2024-03-01/no fracture/9-rotated1-rotated1-rotated2-rotated1.jpg,no fracture,"(224, 224)",49.041737595383005,33.634845344387756,150528,45.88200209405772,4611,True
295,C:/Users/Akshat Mittu/Desktop/Model Monitoring Dashboard/pages/models/Bone Fracture Detection/Production/2024-03-01/no fracture/9-rotated1-rotated3-rotated1.jpg,no fracture,"(224, 224)",85.7035414768427,34.64176100127551,150528,46.039784791000926,4605,True
296,C:/Users/Akshat Mittu/Desktop/Model Monitoring Dashboard/pages/models/Bone Fracture Detection/Production/2024-03-01/no fracture/9-rotated1-rotated3.jpg,no fracture,"(224, 224)",129.62751685455908,34.87657445790816,150528,46.07360715745056,4545,True
297,C:/Users/Akshat Mittu/Desktop/Model Monitoring Dashboard/pages/models/Bone Fracture Detection/Production/2024-03-01/no fracture/9-rotated2-rotated2-rotated2-rotated1.jpg,no fracture,"(224, 224)",65.25673140708926,33.79498166454081,150528,46.31628161639399,4527,True
298,C:/Users/Akshat Mittu/Desktop/Model Monitoring Dashboard/pages/models/Bone Fracture Detection/Production/2024-03-01/no fracture/9-rotated2-rotated2.jpg,no fracture,"(224, 224)",170.25917359184896,35.472237723214285,150528,46.59191932183865,4536,True
299,C:/Users/Akshat Mittu/Desktop/Model Monitoring Dashboard/pages/models/Bone Fracture Detection/Production/2024-03-01/no fracture/9-rotated3-rotated3-rotated1.jpg,no fracture,"(224, 224)",128.32160140017282,37.04408482142857,150528,48.14078277931353,4041,True
